Date,Close,Volume
2019/1/2,250.179993,126925200
2019/1/3,244.210007,144140700
2019/1/4,252.389999,142628800
2019/1/7,254.380005,103139100
2019/1/8,256.769989,102512600
2019/1/9,257.970001,95006600
2019/1/10,258.880005,96823900
2019/1/11,258.980011,73858100
2019/1/14,257.399994,70908200
2019/1/15,260.350006,85208300
2019/1/16,260.980011,77636700
2019/1/17,262.959991,96118400
2019/1/18,266.459991,127900300
2019/1/22,262.859985,115531200
2019/1/23,263.410004,86030300
2019/1/24,263.549988,59204100
2019/1/25,265.779999,96883400
2019/1/28,263.76001,85613700
2019/1/29,263.410004,66136300
2019/1/30,267.579987,92473700
2019/1/31,269.929993,104012100
2019/2/1,270.059998,85782500
2019/2/4,271.959991,60744800
2019/2/5,273.100006,79552800
2019/2/6,272.73999,58347800
2019/2/7,270.140015,95482000
2019/2/8,270.470001,75788900
2019/2/11,270.619995,68021400
2019/2/12,274.100006,72270200
2019/2/13,274.98999,65277200
2019/2/14,274.380005,83234400
2019/2/15,277.369995,97088700
2019/2/19,277.850006,59120800
2019/2/20,278.410004,76610800
2019/2/21,277.420013,64214700
2019/2/22,279.140015,78114600
2019/2/25,279.519989,69030700
2019/2/26,279.320007,56844100
2019/2/27,279.200012,56921600
2019/2/28,278.679993,69268300
2019/3/1,280.420013,78880500
2019/3/4,279.399994,106494600
2019/3/5,279.019989,59114600
2019/3/6,277.329987,75039800
2019/3/7,275.01001,94885100
2019/3/8,274.459991,85795800
2019/3/11,278.440002,65098900
2019/3/12,279.48999,79667500
2019/3/13,281.339996,80639200
2019/3/14,281.160004,67518400
2019/3/15,281.309998,81309000
2019/3/18,282.329987,62199800
2019/3/19,282.399994,90268100
2019/3/20,281.549988,84609200
2019/3/21,284.730011,79550400
2019/3/22,279.25,122659300
2019/3/25,279.040009,85575200
2019/3/26,281.119995,68125900
2019/3/27,279.649994,72224700
2019/3/28,280.709991,56238500
2019/3/29,282.480011,82186800
2019/4/1,285.829987,77617900
2019/4/2,285.970001,40070400
2019/4/3,286.420013,68243200
2019/4/4,287.179993,48997500
2019/4/5,288.570007,58621700
2019/4/8,288.790009,53566300
2019/4/9,287.309998,66142300
2019/4/10,288.290009,52601500
2019/4/11,288.209991,55093100
2019/4/12,290.160004,69727800
2019/4/15,289.970001,49596700
2019/4/16,290.160004,52153200
2019/4/17,289.450012,58268300
2019/4/18,290.019989,68708500
2019/4/22,290.269989,40160100
2019/4/23,292.880005,52246600
2019/4/24,292.230011,50392900
2019/4/25,292.049988,57770900
2019/4/26,293.410004,50916400
2019/4/29,293.869995,57197700
2019/4/30,294.019989,81111700
2019/5/1,291.809998,71671900
2019/5/2,291.179993,65030200
2019/5/3,294.029999,56543700
2019/5/6,292.820007,107198100
2019/5/7,287.929993,144729900
2019/5/8,287.529999,91568300
2019/5/9,286.660004,103471100
2019/5/10,288.100006,112429300
2019/5/13,280.859985,127290500
2019/5/14,283.399994,77003200
2019/5/15,285.059998,73956400
2019/5/16,287.700012,76749600
2019/5/17,285.839996,100353000
2019/5/20,283.950012,62877600
2019/5/21,286.51001,46847100
2019/5/22,285.630005,49482500
2019/5/23,282.140015,98733800
2019/5/24,282.779999,55268100
2019/5/28,280.149994,70029400
2019/5/29,278.269989,104972900
2019/5/30,279.029999,62523800
2019/5/31,275.269989,86862800
2019/6/3,274.570007,96428000
2019/6/4,280.529999,77231900
2019/6/5,282.959991,71169700
2019/6/6,284.799988,69430400
2019/6/7,287.649994,74272200
2019/6/10,288.970001,60799100
2019/6/11,288.899994,58641300
2019/6/12,288.390015,47096300
2019/6/13,289.579987,48945200
2019/6/14,289.26001,52324700
2019/6/17,289.369995,39205700
2019/6/18,292.399994,85434800
2019/6/19,293.059998,78674400
2019/6/20,295.859985,116570000
2019/6/21,294,83309500
2019/6/24,293.640015,47582700
2019/6/25,290.76001,82028700
2019/6/26,290.470001,51584900
2019/6/27,291.5,40355200
2019/6/28,293,59350900
2019/7/1,295.660004,78705600
2019/7/2,296.429993,61504500
2019/7/3,298.799988,40898900
2019/7/5,298.459991,51677300
2019/7/8,296.820007,45841800
2019/7/9,297.190002,41101300
2019/7/10,298.609985,58448500
2019/7/11,299.309998,50826100
2019/7/12,300.649994,40326000
2019/7/15,300.75,33900000
2019/7/16,299.779999,36650100
2019/7/17,297.73999,36036300
2019/7/18,298.829987,51392600
2019/7/19,297.170013,58678600
2019/7/22,297.899994,43638100
2019/7/23,300.029999,44564500
2019/7/24,301.440002,47213200
2019/7/25,300,55394100
2019/7/26,302.01001,45084100
2019/7/29,301.459991,38126500
2019/7/30,300.720001,45849000
2019/7/31,297.429993,104245200
2019/8/1,294.839996,142646600
2019/8/2,292.619995,116749700
2019/8/5,283.820007,178745400
2019/8/6,287.799988,120711700
2019/8/7,287.970001,140572300
2019/8/8,293.619995,87713900
2019/8/9,291.619995,93730000
2019/8/12,288.070007,65527600
2019/8/13,292.549988,94299800
2019/8/14,283.899994,135622100
2019/8/15,284.649994,99556600
2019/8/16,288.850006,83018300
2019/8/19,292.329987,53571800
2019/8/20,290.089996,51596400
2019/8/21,292.450012,49524700
2019/8/22,292.359985,51666400
2019/8/23,284.850006,149161500
2019/8/26,288,72423800
2019/8/27,286.869995,66668900
2019/8/28,288.890015,59696700
2019/8/29,292.579987,57899400
2019/8/30,292.450012,62901200
2019/9/3,290.73999,69101400
2019/9/4,294.040009,46887300
2019/9/5,297.820007,83258100
2019/9/6,298.049988,49584300
2019/9/9,298.200012,51260300
2019/9/10,298.130005,57947100
2019/9/11,300.25,68821100
2019/9/12,301.290009,72908700
2019/9/13,301.089996,62104800
2019/9/16,300.160004,58191200
2019/9/17,300.920013,41475500
2019/9/18,301.100006,73375800
2019/9/19,301.079987,76560500
2019/9/20,298.279999,89565000
2019/9/23,298.209991,43476800
2019/9/24,295.869995,94869400
2019/9/25,297.619995,71854000
2019/9/26,297,56179700
2019/9/27,295.399994,84746600
2019/9/30,296.769989,51662400
2019/10/1,293.23999,88242400
2019/10/2,288.059998,122539500
2019/10/3,290.420013,85278800
2019/10/4,294.350006,65091200
2019/10/7,293.079987,59610500
2019/10/8,288.529999,95708100
2019/10/9,291.269989,62359400
2019/10/10,293.23999,55296300
2019/10/11,296.279999,98720400
2019/10/14,295.950012,40394800
2019/10/15,298.880005,46754500
2019/10/16,298.399994,48928200
2019/10/17,299.279999,45736600
2019/10/18,297.970001,64304000
2019/10/21,299.98999,39048600
2019/10/22,299.01001,48594700
2019/10/23,299.880005,34352200
2019/10/24,300.369995,35453100
2019/10/25,301.600006,45205400
2019/10/28,303.299988,42147000
2019/10/29,303.209991,44284900
2019/10/30,304.140015,49643900
2019/10/31,303.329987,69053800
2019/11/1,306.140015,71141500
2019/11/4,307.369995,60606900
2019/11/5,307.029999,42933200
2019/11/6,307.100006,46487100
2019/11/7,308.179993,54272300
2019/11/8,308.940002,49032100
2019/11/11,308.350006,35797300
2019/11/12,309,46484600
2019/11/13,309.100006,53917700
2019/11/14,309.549988,51219900
2019/11/15,311.790009,62023600
2019/11/18,312.019989,49228000
2019/11/19,311.929993,67804700
2019/11/20,310.769989,79406200
2019/11/21,310.269989,54664700
2019/11/22,310.959991,44850200
2019/11/25,313.369995,48647200
2019/11/26,314.079987,37569000
2019/11/27,315.480011,44444600
2019/11/29,314.309998,36592700
2019/12/2,311.640015,75767800
2019/12/3,309.549988,73941700
2019/12/4,311.459991,49080000
2019/12/5,312.019989,40709000
2019/12/6,314.869995,48927000
2019/12/9,313.880005,34838500
2019/12/10,313.529999,52649800
2019/12/11,314.420013,53429100
2019/12/12,317.130005,96389600
2019/12/13,317.320007,81503900
2019/12/16,319.5,82749700
2019/12/17,319.570007,61097700
2019/12/18,319.589996,48133000
2019/12/19,320.899994,85310500
2019/12/20,320.730011,147142100
2019/12/23,321.220001,52990000
2019/12/24,321.230011,20270000
2019/12/26,322.940002,30911200
2019/12/27,322.859985,42528800
2019/12/30,321.079987,49729100
2019/12/31,321.859985,57077300
2020/1/2,324.869995,59151200
2020/1/3,322.410004,77709700
2020/1/6,323.640015,55653900
2020/1/7,322.730011,40496400
2020/1/8,324.450012,68296000
2020/1/9,326.649994,48473300
2020/1/10,325.709991,53029300
2020/1/13,327.950012,47086800
2020/1/14,327.450012,62832800
2020/1/15,328.190002,72056600
2020/1/16,330.920013,54050300
2020/1/17,331.950012,95846000
2020/1/21,331.299988,77742400
2020/1/22,331.339996,48914900
2020/1/23,331.720001,51963000
2020/1/24,328.769989,87578400
2020/1/27,323.5,84062500
2020/1/28,326.890015,63834000
2020/1/29,326.619995,53888900
2020/1/30,327.679993,75491800
2020/1/31,321.730011,113845600
2020/2/3,324.119995,69083000
2020/2/4,329.059998,62573200
2020/2/5,332.859985,65951100
2020/2/6,333.980011,50359700
2020/2/7,332.200012,64139400
2020/2/10,334.679993,42070000
2020/2/11,335.26001,54864500
2020/2/12,337.420013,43992700
2020/2/13,337.059998,54501900
2020/2/14,337.600006,64582200
2020/2/18,336.730011,57226200
2020/2/19,338.339996,48814700
2020/2/20,336.950012,74163400
2020/2/21,333.480011,113788200
2020/2/24,322.420013,161088400
2020/2/25,312.649994,218913200
2020/2/26,311.5,194773800
2020/2/27,297.51001,284353500
2020/2/28,296.26001,384975800
2020/3/2,309.089996,238703600
2020/3/3,300.23999,300139100
2020/3/4,312.859985,176613400
2020/3/5,302.459991,186366800
2020/3/6,297.459991,228667200
2020/3/9,274.230011,309417300
2020/3/10,288.420013,276444100
2020/3/11,274.359985,255316300
2020/3/12,248.110001,392220700
2020/3/13,269.320007,329566100
2020/3/16,239.850006,297240000
2020/3/17,252.800003,262070500
2020/3/18,240,327597100
2020/3/19,240.509995,289322000
2020/3/20,228.800003,347158800
2020/3/23,222.949997,326025200
2020/3/24,243.149994,235494500
2020/3/25,246.789993,299430300
2020/3/26,261.200012,257632800
2020/3/27,253.419998,224341200
2020/3/30,261.649994,171369500
2020/3/31,257.75,194881100
2020/4/1,246.149994,189554600
2020/4/2,251.830002,177660400
2020/4/3,248.190002,135561200
2020/4/6,264.859985,188061200
2020/4/7,265.130005,201427200
2020/4/8,274.029999,153774500
2020/4/9,278.200012,189999200
2020/4/13,275.660004,114839100
2020/4/14,283.790009,134143400
2020/4/15,277.76001,121775000
2020/4/16,279.100006,131798300
2020/4/17,286.640015,146684800
2020/4/20,281.589996,100109300
2020/4/21,273.040009,126385700
2020/4/22,279.100006,92951600
2020/4/23,279.079987,104709700
2020/4/24,282.970001,85063200
2020/4/27,287.049988,77896600
2020/4/28,285.730011,105270000
2020/4/29,293.209991,118745600
2020/4/30,290.480011,122901700
2020/5/1,282.790009,125180000
2020/5/4,283.570007,80873200
2020/5/5,286.190002,79569900
2020/5/6,284.25,73632600
2020/5/7,287.679993,75250400
2020/5/8,292.440002,76452400
2020/5/11,292.5,79514200
2020/5/12,286.670013,95870800
2020/5/13,281.600006,144721100
2020/5/14,284.970001,121977900
2020/5/15,286.279999,111146300
2020/5/18,295,119703800
2020/5/19,291.970001,95189300
2020/5/20,296.929993,85861700
2020/5/21,294.880005,78293900
2020/5/22,295.440002,63958200
2020/5/26,299.079987,88951400
2020/5/27,303.529999,104817400
2020/5/28,302.970001,90405200
2020/5/29,304.320007,119090800
2020/6/1,305.549988,55758300
2020/6/2,308.079987,74267200
2020/6/3,312.179993,92567600
2020/6/4,311.359985,75794400
2020/6/5,319.339996,150524700
2020/6/8,323.200012,73641200
2020/6/9,320.790009,77479200
2020/6/10,319,95000800
2020/6/11,300.609985,209243600
2020/6/12,304.209991,194678900
2020/6/15,307.049988,135782700
2020/6/16,312.959991,137627500
2020/6/17,311.660004,83398900
2020/6/18,311.779999,80828700
2020/6/19,308.640015,135549600
2020/6/22,310.619995,74649400
2020/6/23,312.049988,68471200
2020/6/24,304.089996,132813500
2020/6/25,307.350006,89468000
2020/6/26,300.049988,127961000
2020/6/29,304.459991,79773300
2020/6/30,308.359985,113394800
2020/7/1,310.519989,72396500
2020/7/2,312.230011,69344200
2020/7/6,317.049988,61713800
2020/7/7,313.779999,82910000
2020/7/8,316.179993,54638600
2020/7/9,314.380005,83354200
2020/7/10,317.589996,57550400
2020/7/13,314.839996,102997500
2020/7/14,318.920013,93657000
2020/7/15,321.850006,87196500
2020/7/16,320.790009,54622500
2020/7/17,321.720001,62774900
2020/7/20,324.320007,56308800
2020/7/21,325.01001,57292200
2020/7/22,326.859985,57792900
2020/7/23,322.959991,75738000
2020/7/24,320.880005,73766600
2020/7/27,323.220001,48293000
2020/7/28,321.170013,57495000
2020/7/29,325.119995,48454200
2020/7/30,323.959991,61861700
2020/7/31,326.519989,84986800
2020/8/3,328.790009,53077900
2020/8/4,330.059998,41917900
2020/8/5,332.109985,42697700
2020/8/6,334.329987,43679400
2020/8/7,334.570007,57308300
2020/8/10,335.570007,44282100
2020/8/11,332.799988,69601100
2020/8/12,337.440002,53774400
2020/8/13,336.829987,41816100
2020/8/14,336.839996,47260400
2020/8/17,337.910004,35481000
2020/8/18,338.640015,38733900
2020/8/19,337.230011,68054200
2020/8/20,338.279999,42207800
2020/8/21,339.480011,55106600
2020/8/24,342.920013,48588700
2020/8/25,344.119995,38463400
2020/8/26,347.570007,50790200
2020/8/27,348.329987,58034100
2020/8/28,350.579987,48588900
2020/8/31,349.309998,66099200
2020/9/1,352.600006,54908700
2020/9/2,357.700012,69540000
2020/9/3,345.390015,148011100
2020/9/4,342.570007,139156300
2020/9/8,333.209991,114465300
2020/9/9,339.790009,91462300
2020/9/10,333.890015,90569500
2020/9/11,334.059998,84680200
2020/9/14,338.459991,65605700
2020/9/15,340.170013,52920900
2020/9/16,338.820007,82096000
2020/9/17,335.839996,91523300
2020/9/18,330.649994,105877900
2020/9/21,326.970001,99450800
2020/9/22,330.299988,63612100
2020/9/23,322.640015,93112200
2020/9/24,323.5,76681300
2020/9/25,328.730011,71069400
2020/9/28,334.190002,64584600
2020/9/29,332.369995,51304000
2020/9/30,334.890015,104081100
2020/10/1,337.040009,88698700
2020/10/2,333.839996,89431100
2020/10/5,339.76001,45713100
2020/10/6,334.929993,90128900
2020/10/7,340.76001,56999600
2020/10/8,343.779999,45242500
2020/10/9,346.850006,59528600
2020/10/12,352.429993,80388500
2020/10/13,350.130005,73255500
2020/10/14,347.929993,57727900
2020/10/15,347.5,60357700
2020/10/16,347.290009,89501900
2020/10/19,342.01001,68425600
2020/10/20,343.380005,60051900
2020/10/21,342.730011,63575000
2020/10/22,344.609985,55399300
2020/10/23,345.779999,49143900
2020/10/26,339.390015,91473000
2020/10/27,338.220001,65994100
2020/10/28,326.660004,127094300
2020/10/29,329.980011,90597700
2020/10/30,326.540009,120287300
2020/11/2,330.200012,86068300
2020/11/3,336.029999,93294200
2020/11/4,343.540009,126959700
2020/11/5,350.23999,82039700
2020/11/6,350.160004,74973000
2020/11/9,354.559998,172304200
2020/11/10,354.040009,85552000
2020/11/11,356.670013,58649000
2020/11/12,353.209991,67546200
2020/11/13,358.100006,62892200
2020/11/16,362.570007,74541100
2020/11/17,360.619995,66111000
2020/11/18,356.279999,70591300
2020/11/19,357.779999,59940900
2020/11/20,355.329987,70417300
2020/11/23,357.459991,63230600
2020/11/24,363.220001,62415900
2020/11/25,362.660004,45330900
2020/11/27,363.670013,28514100
2020/11/30,362.059998,83872700
2020/12/1,366.019989,74231400
2020/12/2,366.790009,45927000
2020/12/3,366.690002,62882000
2020/12/4,369.850006,50749900
2020/12/7,369.089996,48944300
2020/12/8,370.170013,42458900
2020/12/9,366.850006,74098300
2020/12/10,366.730011,57735400
2020/12/11,366.299988,57698600
2020/12/14,364.660004,69216200
2020/12/15,369.589996,63865300
2020/12/16,370.170013,58420500
2020/12/17,372.23999,64119500
2020/12/18,369.179993,136542300
2020/12/21,367.859985,96386700
2020/12/22,367.23999,47949000
2020/12/23,367.570007,46201400
2020/12/24,369,26457900
2020/12/28,372.170013,39000400
2020/12/29,371.459991,53680500
2020/12/30,371.98999,49455300
2020/12/31,373.880005,78520700
2021/1/4,368.790009,110210800
2021/1/5,371.329987,66426200
2021/1/6,373.549988,107997700
2021/1/7,379.100006,68766800
2021/1/8,381.26001,71677200
2021/1/11,378.690002,51034700
2021/1/12,378.769989,52547700
2021/1/13,379.790009,45303600
2021/1/14,378.459991,49989100
2021/1/15,375.700012,107160000
2021/1/19,378.649994,51233300
2021/1/20,383.890015,61836100
2021/1/21,384.23999,47840100
2021/1/22,382.880005,52860500
2021/1/25,384.390015,70402000
2021/1/26,383.790009,42665300
2021/1/27,374.410004,123351100
2021/1/28,377.630005,94198100
2021/1/29,370.070007,126765100
2021/2/1,376.230011,75817600
2021/2/2,381.549988,64450700
2021/2/3,381.850006,52427100
2021/2/4,386.190002,47142600
2021/2/5,387.709991,48669800
2021/2/8,390.51001,38365200
2021/2/9,390.25,35551100
2021/2/10,390.079987,59154400
2021/2/11,390.709991,42913300
2021/2/12,392.640015,50593300
2021/2/16,392.299988,50972400
2021/2/17,392.390015,52290600
2021/2/18,390.720001,59712800
2021/2/19,390.029999,83241000
2021/2/22,387.029999,67414200
2021/2/23,387.5,107284100
2021/2/24,391.769989,72433900
2021/2/25,382.329987,146670500
2021/2/26,380.359985,152701600
2021/3/1,389.579987,105348800
2021/3/2,386.540009,79595300
2021/3/3,381.420013,119940200
2021/3/4,376.700012,183433000
2021/3/5,383.630005,152039600
2021/3/8,381.720001,123149200
2021/3/9,387.170013,113633600
2021/3/10,389.579987,109899400
2021/3/11,393.529999,86245000
2021/3/12,394.059998,64653600
2021/3/15,396.410004,73427200
2021/3/16,395.910004,73722500
2021/3/17,397.26001,97959300
2021/3/18,391.480011,115349100
2021/3/19,389.480011,113624500
2021/3/22,392.589996,73778600
2021/3/23,389.5,90686600
2021/3/24,387.519989,97588600
2021/3/25,389.700012,116128600
2021/3/26,395.980011,114409100
2021/3/29,395.779999,108107600
2021/3/30,394.730011,76262200
2021/3/31,396.329987,112734200
2021/4/1,400.609985,99682900
2021/4/5,406.359985,91684800
2021/4/6,406.119995,62021000
2021/4/7,406.589996,55836300
2021/4/8,408.519989,57863100
2021/4/9,411.48999,61104600
2021/4/12,411.640015,56704900
2021/4/13,412.859985,56551000
2021/4/14,411.450012,61659900
2021/4/15,415.869995,60229800
2021/4/16,417.26001,82037300
2021/4/19,415.209991,78498500
2021/4/20,412.170013,81851800
2021/4/21,416.070007,66793000
2021/4/22,412.269989,97582800
2021/4/23,416.73999,73209200
2021/4/26,417.609985,52182400
2021/4/27,417.519989,51303100
2021/4/28,417.399994,51238900
2021/4/29,420.059998,78544300
2021/4/30,417.299988,85527000
2021/5/3,418.200012,68128300
2021/5/4,415.619995,101591200
2021/5/5,415.75,60162200
2021/5/6,419.070007,74321400
2021/5/7,422.119995,67733800
2021/5/10,417.940002,81852400
2021/5/11,414.209991,116888000
2021/5/12,405.410004,134811000
2021/5/13,410.279999,106394000
2021/5/14,416.579987,82201600
2021/5/17,415.519989,65129200
2021/5/18,411.940002,59810200
2021/5/19,410.859985,106467100
2021/5/20,415.279999,78022200
2021/5/21,414.940002,76578700
2021/5/24,419.170013,51376700
2021/5/25,418.23999,57451400
2021/5/26,419.070007,43088600
2021/5/27,419.290009,56707700
2021/5/28,420.040009,58520200
2021/6/1,419.670013,54216600
2021/6/2,420.329987,49097100
2021/6/3,418.769989,58138800
2021/6/4,422.600006,55938800
2021/6/7,422.190002,51555000
2021/6/8,422.279999,47134300
2021/6/9,421.649994,48436300
2021/6/10,423.609985,51020100
2021/6/11,424.309998,45570800
2021/6/14,425.26001,42358500
2021/6/15,424.480011,51508500
2021/6/16,422.109985,80386100
2021/6/17,421.970001,90949700
2021/6/18,414.920013,118676300
2021/6/21,420.859985,72822000
2021/6/22,423.109985,57700300
2021/6/23,422.600006,49445400
2021/6/24,425.100006,45110300
2021/6/25,426.609985,58129500
2021/6/28,427.470001,53159600
2021/6/29,427.700012,35970500
2021/6/30,428.059998,64827900
2021/7/1,430.429993,53441000
2021/7/2,433.720001,57697700
2021/7/6,432.929993,68710400
2021/7/7,434.459991,63549500
2021/7/8,430.920013,97595200
2021/7/9,435.519989,76238600
2021/7/12,437.079987,52889600
2021/7/13,435.589996,52911300
2021/7/14,436.23999,64130400
2021/7/15,434.75,55126400
2021/7/16,431.339996,75874700
2021/7/19,424.970001,147987000
2021/7/20,431.059998,99608200
2021/7/21,434.549988,64724400
2021/7/22,435.459991,47878500
2021/7/23,439.940002,63766600
2021/7/26,441.019989,43719200
2021/7/27,439.01001,67397100
2021/7/28,438.829987,52472400
2021/7/29,440.649994,47435300
2021/7/30,438.51001,68951200
2021/8/2,437.589996,58783300
2021/8/3,441.149994,58053900
2021/8/4,438.980011,46732200
2021/8/5,441.76001,38969700
2021/8/6,442.48999,46930000
2021/8/9,442.130005,41222600
2021/8/10,442.679993,43339300
2021/8/11,443.779999,44034300
2021/8/12,445.109985,38909400
2021/8/13,445.920013,39470300
2021/8/16,446.970001,73740000
2021/8/17,444.040009,92673900
2021/8/18,439.179993,89351900
2021/8/19,439.859985,92812200
2021/8/20,443.359985,72008700
2021/8/23,447.26001,54973000
2021/8/24,447.970001,38744700
2021/8/25,448.910004,40529700
2021/8/26,446.26001,57829600
2021/8/27,450.25,77235100
2021/8/30,452.230011,48357400
2021/8/31,451.559998,59300200
2021/9/1,451.799988,48721400
2021/9/2,453.190002,42501000
2021/9/3,453.079987,47170500
2021/9/7,451.459991,51671500
2021/9/8,450.910004,56181900
2021/9/9,448.980011,57970400
2021/9/10,445.440002,89948200
2021/9/13,446.579987,83738600
2021/9/14,444.170013,78197100
2021/9/15,447.880005,78792200
2021/9/16,447.170013,77786700
2021/9/17,441.399994,118425000
2021/9/20,434.040009,166445500
2021/9/21,433.630005,92526100
2021/9/22,437.859985,102350100
2021/9/23,443.179993,76396000
2021/9/24,443.910004,62094800
2021/9/27,442.640015,61371100
2021/9/28,433.720001,130436300
2021/9/29,434.450012,82329200
2021/9/30,429.140015,140506000
2021/10/1,434.23999,129240100
2021/10/4,428.640015,128570000
2021/10/5,433.100006,90682500
2021/10/6,434.899994,113032200
2021/10/7,438.660004,72437500
2021/10/8,437.859985,74557400
2021/10/11,434.690002,65233300
2021/10/12,433.619995,71181200
2021/10/13,435.179993,72974000
2021/10/14,442.5,70236800
2021/10/15,445.869995,66260200
2021/10/18,447.190002,62213200
2021/10/19,450.640015,46996800
2021/10/20,452.410004,49571600
2021/10/21,453.589996,41305400
2021/10/22,453.119995,58845100
2021/10/25,455.549988,45214500
2021/10/26,455.959991,56075100
2021/10/27,453.940002,72438000
2021/10/28,458.320007,51437900
2021/10/29,459.25,70162400
2021/11/1,460.040009,48433600
2021/11/2,461.899994,48908400
2021/11/3,464.720001,52509800
2021/11/4,466.910004,52847100
2021/11/5,468.529999,66390600
2021/11/8,468.929993,50405200
2021/11/9,467.380005,51149100
2021/11/10,463.619995,69429700
2021/11/11,463.769989,34848500
2021/11/12,467.269989,53466700
2021/11/15,467.429993,46980500
2021/11/16,469.279999,48857500
2021/11/17,468.140015,47858300
2021/11/18,469.730011,50625600
2021/11/19,468.890015,57315600
2021/11/22,467.570007,72762000
2021/11/23,468.190002,73206500
2021/11/24,469.440002,61858800
2021/11/26,458.970001,112669600
2021/11/29,464.600006,86268800
2021/11/30,455.559998,148559600
2021/12/1,450.5,131939200
2021/12/2,457.399994,127637800
2021/12/3,453.420013,137331600
2021/12/6,458.790009,98977500
2021/12/7,468.279999,95484700
2021/12/8,469.519989,72238800
2021/12/9,466.350006,61272600
2021/12/10,470.73999,77159800
2021/12/13,466.570007,87724700
2021/12/14,463.359985,97264100
2021/12/15,470.600006,116899300
2021/12/16,466.450012,116568600
2021/12/17,459.869995,135511600
2021/12/20,454.980011,107134800
2021/12/21,463.059998,69806300
2021/12/22,467.690002,58890200
2021/12/23,470.600006,56439700
2021/12/27,477.26001,56808600
2021/12/28,476.869995,47274600
2021/12/29,477.480011,54503000
2021/12/30,476.160004,55329000
2021/12/31,474.959991,65237400
2022/1/3,477.709991,72668200
2022/1/4,477.549988,71178700
2022/1/5,468.380005,104538900
2022/1/6,467.940002,86858900
2022/1/7,466.089996,85111600
2022/1/10,465.51001,119362000
2022/1/11,469.75,74303100
2022/1/12,471.019989,67605400
2022/1/13,464.529999,91173100
2022/1/14,464.720001,95890900
2022/1/18,456.48999,109709100
2022/1/19,451.75,109357600
2022/1/20,446.75,122379700
2022/1/21,437.980011,202271200
2022/1/24,439.839996,251783900
2022/1/25,434.470001,167997300
2022/1/26,433.380005,186391100
2022/1/27,431.23999,149878300
2022/1/28,441.950012,164457400
2022/1/31,449.910004,152251400
2022/2/1,452.950012,123155400
2022/2/2,457.350006,117361000
2022/2/3,446.600006,118024400
2022/2/4,448.700012,118454400
2022/2/7,447.26001,84472900
2022/2/8,450.940002,81012000
2022/2/9,457.540009,92589900
2022/2/10,449.320007,140103700
2022/2/11,440.459991,153214600
2022/2/14,439.019989,123006300
2022/2/15,446.100006,88482700
2022/2/16,446.600006,84863600
2022/2/17,437.059998,102259100
2022/2/18,434.230011,132642900
2022/2/22,429.570007,124391800
2022/2/23,421.950012,132578000
2022/2/24,428.299988,213942900
2022/2/25,437.75,121804500
2022/2/28,436.630005,145615000
2022/3/1,429.980011,137785900
2022/3/2,437.890015,117726500
2022/3/3,435.709991,105501700
2022/3/4,432.170013,113978200
2022/3/7,419.429993,137896600
2022/3/8,416.25,164772700
2022/3/9,427.410004,116990800
2022/3/10,425.480011,93972700
2022/3/11,420.070007,95636300
2022/3/14,417,95729200
2022/3/15,426.170013,106219100
2022/3/16,435.619995,144954800
2022/3/17,441.070007,102676900
2022/3/18,444.519989,106345500
2022/3/21,444.390015,88349800
2022/3/22,449.589996,74650400
2022/3/23,443.799988,79426100
2022/3/24,450.48999,64736900
2022/3/25,452.690002,77101300
2022/3/28,455.910004,68529800
2022/3/29,461.549988,86581500
2022/3/30,458.700012,79666900
2022/3/31,451.640015,121699900
2022/4/1,452.920013,89048800
2022/4/4,456.799988,59601000
2022/4/5,451.029999,74214500
2022/4/6,446.519989,106898000
2022/4/7,448.769989,78097200
2022/4/8,447.570007,79272700
2022/4/11,439.920013,89770500
2022/4/12,438.290009,84363600
2022/4/13,443.309998,74070400
2022/4/14,437.790009,97869500
2022/4/18,437.970001,66002500
2022/4/19,445.040009,77821000
2022/4/20,444.709991,65224400
2022/4/21,438.059998,85417300
2022/4/22,426.040009,132471800
2022/4/25,428.51001,119647700
2022/4/26,416.100006,103996300
2022/4/27,417.269989,122030000
2022/4/28,427.809998,105449100
2022/4/29,412,145491100
2022/5/2,414.480011,158312500
2022/5/3,416.380005,100028200
2022/5/4,429.059998,144247900
2022/5/5,413.809998,172929100
2022/5/6,411.339996,151770800
2022/5/9,398.170013,155586100
2022/5/10,399.089996,132497200
2022/5/11,392.75,142361000
2022/5/12,392.339996,125090800
2022/5/13,401.720001,104174400
2022/5/16,400.089996,78622400
2022/5/17,408.320007,83029700
2022/5/18,391.859985,117674500
2022/5/19,389.459991,98510700
2022/5/20,389.630005,131432200
2022/5/23,396.920013,76414900
2022/5/24,393.890015,91448800
2022/5/25,397.369995,91472900
2022/5/26,405.309998,82168300
2022/5/27,415.26001,84768700
2022/5/31,412.929993,95937000
2022/6/1,409.589996,86585800
2022/6/2,417.390015,79609600
2022/6/3,410.540009,71874300
2022/6/6,411.790009,57508900
2022/6/7,415.73999,59272400
2022/6/8,411.220001,64350000
2022/6/9,401.440002,86289800
2022/6/10,389.799988,132893900
2022/6/13,375,170004900
2022/6/14,373.869995,104011800
2022/6/15,379.200012,125666800
2022/6/16,366.649994,134473300
2022/6/17,365.859985,111113900
2022/6/21,375.070007,76811900
2022/6/22,374.390015,90059400
2022/6/23,378.059998,79292100
2022/6/24,390.079987,98050300
2022/6/27,388.589996,66009600
2022/6/28,380.649994,86548900
2022/6/29,380.339996,65676000
2022/6/30,377.25,112508300
2022/7/1,381.23999,74839700
2022/7/5,381.959991,81438000
2022/7/6,383.25,70426200
2022/7/7,388.98999,64525900
2022/7/8,388.670013,72397800
2022/7/11,384.230011,58366900
2022/7/12,380.829987,62219200
2022/7/13,378.829987,84224600
2022/7/14,377.910004,89704800
2022/7/15,385.130005,79060400
2022/7/18,381.950012,63203600
2022/7/19,392.269989,78506000
2022/7/20,394.769989,71843800
2022/7/21,398.790009,64903900
2022/7/22,395.089996,72197300
2022/7/25,395.570007,53631500
2022/7/26,390.890015,52946400
2022/7/27,401.040009,82342100
2022/7/28,406.070007,73966600
2022/7/29,411.98999,87003700
2022/8/1,410.769989,69997500
2022/8/2,408.059998,63435400
2022/8/3,414.450012,67820600
2022/8/4,414.170013,45656600
2022/8/5,413.470001,56814900
2022/8/8,412.98999,53886100
2022/8/9,411.350006,44931800
2022/8/10,419.98999,68665700
2022/8/11,419.98999,59489700
2022/8/12,427.100006,61694500
2022/8/15,428.859985,54048300
2022/8/16,429.700012,59289000
2022/8/17,426.649994,63563400
2022/8/18,427.890015,49023200
2022/8/19,422.140015,68016900
2022/8/22,413.350006,77695600
2022/8/23,412.350006,49105200
2022/8/24,413.670013,49177800
2022/8/25,419.51001,50942300
2022/8/26,405.309998,103087000
2022/8/29,402.630005,65370800
2022/8/30,398.209991,85652400
2022/8/31,395.179993,76029700
2022/9/1,396.420013,78740100
2022/9/2,392.23999,99632100
2022/9/6,390.76001,76637400
2022/9/7,397.779999,70964200
2022/9/8,400.380005,80821700
2022/9/9,406.600006,76706900
2022/9/12,410.970001,69256300
2022/9/13,393.100006,122947100
2022/9/14,394.600006,85023700
2022/9/15,390.119995,87633800
2022/9/16,385.559998,103084800
2022/9/19,388.549988,73278500
2022/9/20,384.089996,77274900
2022/9/21,377.390015,106746600
2022/9/22,374.220001,89472600
2022/9/23,367.950012,122346900
2022/9/26,364.309998,92581200
2022/9/27,363.380005,108294100
2022/9/28,370.529999,110802200
2022/9/29,362.790009,112952300
2022/9/30,357.179993,153711200
2022/10/3,366.609985,89756500
2022/10/4,377.970001,103602800
2022/10/5,377.089996,88065700
2022/10/6,373.200012,82333500
2022/10/7,362.790009,107789500
2022/10/10,360.019989,76042800
2022/10/11,357.73999,92482800
2022/10/12,356.559998,76991800
2022/10/13,365.970001,147254500
2022/10/14,357.630005,123737000
2022/10/17,366.820007,93168200
2022/10/18,371.130005,97162900
2022/10/19,368.5,79746900
2022/10/20,365.410004,88283100
2022/10/21,374.290009,131038400
2022/10/24,378.869995,85436900
2022/10/25,384.920013,78846300
2022/10/26,382.019989,104087300
2022/10/27,379.980011,81971800
2022/10/28,389.019989,100302000
2022/10/31,386.209991,96631300
2022/11/1,384.519989,85407600
2022/11/2,374.869995,126990400
2022/11/3,371.01001,87100100
2022/11/4,376.350006,103505200
2022/11/7,379.950012,68286900
2022/11/8,382,84641100
2022/11/9,374.130005,78495500
2022/11/10,394.690002,141455800
2022/11/11,398.51001,93839900
2022/11/14,395.119995,71903500
2022/11/15,398.48999,93194500
2022/11/16,395.450012,68508500
2022/11/17,394.23999,74496300
2022/11/18,396.029999,92922500
2022/11/21,394.589996,51243200
2022/11/22,399.899994,60429000
2022/11/23,402.420013,68261600
2022/11/25,402.329987,30545400
2022/11/28,395.910004,67881600
2022/11/29,395.230011,52310000
2022/11/30,407.679993,144566700
2022/12/1,407.380005,76398200
2022/12/2,406.910004,85342700
2022/12/5,399.589996,77289800
2022/12/6,393.829987,77972200
2022/12/7,393.160004,65927900
2022/12/8,396.23999,60737900
2022/12/9,393.279999,81447700
2022/12/12,398.950012,75405800
2022/12/13,401.970001,123782500
2022/12/14,399.399994,108111300
2022/12/15,389.630005,117705900
2022/12/16,383.269989,119858000
2022/12/19,380.019989,79878100
2022/12/20,380.540009,74427200
2022/12/21,386.230011,78167400
2022/12/22,380.720001,100120900
2022/12/23,382.910004,59857300
2022/12/27,381.399994,51638200
2022/12/28,376.660004,70911500
2022/12/29,383.440002,66970900
2022/12/30,382.429993,84022200
2023/1/3,380.820007,74850700
2023/1/4,383.76001,85934100
2023/1/5,379.380005,76970500
2023/1/6,388.079987,104189600
2023/1/9,387.859985,73978100
2023/1/10,390.579987,65358100
2023/1/11,395.519989,68881100
2023/1/12,396.959991,90157700
2023/1/13,398.5,63903900
2023/1/17,397.769989,62677300
2023/1/18,391.48999,99632300
2023/1/19,388.640015,86958900
2023/1/20,395.880005,91806400
2023/1/23,400.630005,84178800
2023/1/24,400.200012,59524900
2023/1/25,400.350006,84800300
2023/1/26,404.75,72287400
2023/1/27,405.679993,68346200
2023/1/30,400.589996,74202000
2023/1/31,406.480011,86811800
2023/2/1,410.799988,101459200
2023/2/2,416.779999,101654500
2023/2/3,412.350006,94736800
2023/2/6,409.829987,60295300
2023/2/7,415.190002,90990700
2023/2/8,410.649994,76227500
2023/2/9,407.089996,78694900
2023/2/10,408.040009,70769700
2023/2/13,412.829987,64913500
2023/2/14,412.640015,88389300
2023/2/15,413.980011,61555700
2023/2/16,408.279999,76431500
2023/2/17,407.26001,89257800
2023/2/21,399.089996,82655900
2023/2/22,398.540009,83742300
2023/2/23,400.660004,96242400
2023/2/24,396.380005,108194400
2023/2/27,397.730011,80444700
2023/2/28,396.26001,96438600
2023/3/1,394.73999,99706800
2023/3/2,397.809998,85127800
2023/3/3,404.190002,90120000
2023/3/6,404.470001,72795900
2023/3/7,398.269989,108310600
2023/3/8,398.920013,74746600
2023/3/9,391.559998,111945300
2023/3/10,385.910004,189253000
2023/3/13,385.359985,157790000
2023/3/14,391.730011,149752400
2023/3/15,389.279999,172996900
2023/3/16,396.109985,143254200
2023/3/17,389.98999,140553400
2023/3/20,393.73999,93055800
2023/3/21,398.910004,91524200
2023/3/22,392.109985,111746600
2023/3/23,393.170013,119351300
2023/3/24,395.75,107682400
2023/3/27,396.48999,74010400
2023/3/28,395.600006,62871700
2023/3/29,401.350006,77497900
2023/3/30,403.700012,69840000
2023/3/31,409.390015,112062600
2023/4/3,410.950012,67391100
2023/4/4,408.670013,66601500
2023/4/5,407.600006,65200200
2023/4/6,409.190002,63743300
2023/4/10,409.609985,63681000
2023/4/11,409.720001,59297900
2023/4/12,408.049988,86420400
2023/4/13,413.470001,85814800
2023/4/14,412.459991,78161500
2023/4/17,413.940002,66436400
2023/4/18,414.209991,63560000
2023/4/19,414.140015,55227300
2023/4/20,411.880005,75840400
2023/4/21,412.200012,73457400
2023/4/24,412.630005,64332100
2023/4/25,406.079987,97766700
2023/4/26,404.359985,80447000
2023/4/27,412.410004,92968400
2023/4/28,415.929993,89335600
2023/5/1,415.51001,62122300
2023/5/2,410.839996,103998500
2023/5/3,408.019989,91531800
2023/5/4,405.130005,94901900
2023/5/5,412.630005,87844000
2023/5/8,412.73999,50046800
2023/5/9,410.929993,49220100
2023/5/10,412.850006,96142900
2023/5/11,412.130005,70157100
2023/5/12,411.589996,70439400
2023/5/15,413.01001,54289400
2023/5/16,410.25,57705500
2023/5/17,415.230011,87287000
2023/5/18,419.230011,97177200
2023/5/19,418.619995,103679700
2023/5/22,418.790009,60745400
2023/5/23,414.089996,86383500
2023/5/24,411.089996,89213700
2023/5/25,414.649994,90961600
2023/5/26,420.019989,93830000
2023/5/30,420.179993,72216000
2023/5/31,417.850006,110811800
2023/6/1,421.820007,88865000
2023/6/2,427.920013,91366700
2023/6/5,427.100006,65460200
2023/6/6,428.029999,64022200
2023/6/7,426.549988,85373300
2023/6/8,429.130005,61952800
2023/6/9,429.899994,85742800
2023/6/12,433.799988,76104300
2023/6/13,436.660004,95899700
2023/6/14,437.179993,100612100
2023/6/15,442.600006,110303100
2023/6/16,439.459991,114121300
2023/6/20,437.179993,76160400
2023/6/21,434.940002,76982300
2023/6/22,436.51001,70637200
2023/6/23,433.209991,92074500
2023/6/26,431.440002,72823600
2023/6/27,436.170013,72813700
2023/6/28,436.390015,75636000
2023/6/29,438.109985,67882300
2023/6/30,443.279999,104921500
2023/7/3,443.790009,32793400
2023/7/5,443.130005,58418400
2023/7/6,439.660004,80658300
2023/7/7,438.549988,86076100
2023/7/10,439.660004,62443500
2023/7/11,442.459991,64463800
2023/7/12,446.019989,91924500
2023/7/13,449.559998,72425200
2023/7/14,449.279999,69761800
2023/7/17,450.839996,52680200
2023/7/18,454.190002,80744400
2023/7/19,455.200012,65891700
2023/7/20,452.179993,70591600
2023/7/21,452.179993,71245400
2023/7/24,454.200012,54023400
2023/7/25,455.440002,55191200
2023/7/26,455.51001,71052900
2023/7/27,452.48999,92194400
2023/7/28,456.920013,80011800
2023/7/31,457.790009,62040400
2023/8/1,456.480011,55291500
2023/8/2,450.130005,93933400
2023/8/3,448.839996,64276100
2023/8/4,446.809998,100052300
2023/8/7,450.709991,58357500
2023/8/8,448.75,71361300
2023/8/9,445.75,78789600
2023/8/10,445.910004,93005500
2023/8/11,445.649994,68664600
2023/8/14,448.109985,47867400
2023/8/15,442.890015,75707500
2023/8/16,439.640015,80107200
2023/8/17,436.290009,95711300
2023/8/18,436.5,98758400
2023/8/21,439.339996,68719000
2023/8/22,438.149994,65062900
2023/8/23,443.029999,68441000
2023/8/24,436.890015,88517300
2023/8/25,439.970001,102325100
2023/8/28,442.76001,61595400
2023/8/29,449.160004,83081900
2023/8/30,451.01001,69053900
2023/8/31,450.350006,66084600
2023/9/1,451.190002,58875700
2023/9/5,449.23999,55166200
2023/9/6,446.220001,70758500
2023/9/7,444.850006,70355400
2023/9/8,445.519989,61659700
2023/9/11,448.450012,60180100
2023/9/12,445.98999,67565400
2023/9/13,446.51001,60199300
2023/9/14,450.359985,83430800
2023/9/15,443.369995,111761400
2023/9/18,443.630005,55752200
2023/9/19,442.709991,66514600
2023/9/20,438.640015,82562600
2023/9/21,431.390015,103976100
2023/9/22,430.420013,100829700
2023/9/25,432.230011,70874500
2023/9/26,425.880005,96168400
2023/9/27,426.049988,104705800
2023/9/28,428.519989,92258300
2023/9/29,427.480011,115078500
2023/10/2,427.309998,83798600
2023/10/3,421.589996,103760600
2023/10/4,424.660004,87453000
2023/10/5,424.5,70142700
2023/10/6,429.540009,113202700
2023/10/9,432.290009,80374400
2023/10/10,434.540009,78607300
2023/10/11,436.320007,62451700
2023/10/12,433.660004,81154200
2023/10/13,431.5,95143100
2023/10/16,436.040009,75433200
2023/10/17,436.019989,75324700
2023/10/18,430.209991,93559800
2023/10/19,426.429993,121323000
2023/10/20,421.190002,123845800
2023/10/23,420.459991,92035100
2023/10/24,423.630005,78564200
2023/10/25,417.549988,94223200
2023/10/26,412.549988,115156800
2023/10/27,410.679993,107367700
2023/10/30,415.589996,86562700
2023/10/31,418.200012,79665200
2023/11/1,422.660004,98068100
2023/11/2,430.76001,94938900
2023/11/3,434.690002,100110800
2023/11/6,435.690002,67831700
2023/11/7,436.929993,64256100
2023/11/8,437.25,61746000
2023/11/9,433.839996,83174400
2023/11/10,440.609985,89462200
2023/11/13,440.190002,52236100
2023/11/14,448.730011,97176900
2023/11/15,449.679993,77327600
2023/11/16,450.230011,66665800
2023/11/17,450.790009,83133200
2023/11/20,454.26001,69936200
2023/11/21,453.269989,49244600
